{"cameraMode":{"drawMode":0,"name":"Shaded","section":"Shading Mode"},"sceneLighting":true,"audioPlay":false,"sceneViewState":{"showFog":true,"showMaterialUpdate":false,"showSkybox":true,"showFlares":true,"showImageEffects":true,"showParticleSystems":true},"in2DMode":false,"pivot":{"x":0.5072603225708008,"y":1.070099115371704,"z":0.40880632400512698},"rotation":{"x":-0.2496858835220337,"y":-0.34164905548095705,"z":0.0946679636836052,"w":-0.9010952711105347},"size":3.6073946952819826,"orthographic":false}